{
  "templates": [
    {
      "name": "放行许可",
      "stage": "放行",
      "cn": "P：“[出发地]放行席，这里是[呼号]，收到信息[ATIS编号]，请求前往[目的地]的IFR放行许可。”\n\nG：“[呼号]，获准按[航路]前往[目的地]，爬升保持[高度]，应答机[应答机编码]。”\n\nP：“获准按[航路]前往[目的地]，爬升保持[高度]，应答机[应答机编码]，[呼号]。”\n\nG：“[呼号]，复诵正确，联系[地面频率]。”",
      "en": "P：\"[出发地] Clearance Delivery, [呼号], with information [ATIS编号], request IFR clearance to [目的地].\"\n\nG：\"[呼号], cleared to [目的地] via [航路], climb and maintain [高度], squawk [应答机编码].\"\n\nP：\"Cleared to [目的地] via [航路], climb and maintain [高度], squawk [应答机编码], [呼号].\"\n\nG：\"[呼号], readback correct, contact Ground on [频率].\""
    },
    {
      "name": "航前简报",
      "stage": "放行",
      "cn": "PF：“我们开始飞行简令。”\n\nPM：“好的，请开始。”\n\nPF：“本次航班从 [出发地] 前往 [目的地]，航班号 [呼号]。航路为 [航路]，起飞跑道为 [跑道号]，离场程序为 [SID名称]，初始爬升高度为 [高度]。目前收到的 ATIS 信息是 [ATIS编号]，风 [风向] 度，[风速] 节，QNH [气压]。”\n\nPM：“预计滑行路线？”\n\nPF：“预计滑行经 [滑行路线]。起飞方式为 [起飞方式]。”\n\nPM：“速度参考？”\n\nPF：“V1 [V1速度]，VR [VR速度]，V2 [V2速度]。如在 V1 之前发生重大故障，将中断起飞。如在 V1 之后，则继续起飞，执行标准程序。”\n\nPM：“如需复飞？”\n\nPF：“执行标准复飞程序，保持 [复飞高度]，转向 [航向]，进入等待或按 ATC 指令操作。你负责无线电和监控，我操纵。”\n\nPM：“备降机场？”\n\nPF：“首选备降是 [主备降机场]，次选 [次备降机场]。预计飞行时间 [飞行时间]，燃油量 [燃油状态]。”\n\nPM：“无其他问题，我准备就绪。”\n\nPF：“我也准备好了。飞行简令完成。”",
      "en": "PF: \"Let’s start the departure briefing.\"\n\nPM: \"Go ahead.\"\n\nPF: \"This flight is from [出发机场] to [目的机场], flight number [航班号]. Route is [航路], departure runway is [起飞跑道], SID is [离场程序名称], initial climb to [初始爬升高度]. Current ATIS is [ATIS信息代号], winds [风向] at [风速], QNH [气压设置值].\"\n\nPM: \"Expected taxi route?\"\n\nPF: \"Expected via [预计滑行路线]. Takeoff will be [起飞方式，如滚行/静止].\"\n\nPM: \"Speed references?\"\n\nPF: \"V1 [起飞决断速度], VR [抬轮速度], V2 [安全起飞速度]. Below V1, we’ll reject for major issues. After V1, we’ll continue the takeoff unless there's loss of control or fire.\"\n\nPM: \"In case of go-around?\"\n\nPF: \"We’ll fly the published missed approach, maintain [复飞保持高度], heading [复飞航向], expect holding or ATC vectors. I fly, you handle comms.\"\n\nPM: \"Alternate airports?\"\n\nPF: \"Primary alternate is [主备降机场], secondary is [次备降机场]. Estimated flight time is [预计飞行时间], fuel status [当前燃油状态].\n\nPM: \"All set on my side.\"\n\nPF: \"Same here. Briefing complete.\""
    }
  ]
}