{
  "stages": [
    {
      "name": "接通电源程序",
      "items": [
        {
          "text": "BATTERY电门 → ON",
          "level": 0,
          "optional": false
        },
        {
          "text": "C1/C2 PRIMARY泵选择器 → OFF",
          "level": 0,
          "optional": false
        },
        {
          "text": "DEMAND泵选择器 → OFF",
          "level": 0,
          "optional": false
        },
        {
          "text": "WIPER选择器 → OFF",
          "level": 0,
          "optional": false
        },
        {
          "text": "起落架手柄 → DN",
          "level": 0,
          "optional": false
        },
        {
          "text": "ALTERNATE FLAPS选择器 → OFF",
          "level": 0,
          "optional": false
        },
        {
          "text": "电源 → 建立",
          "level": 0,
          "optional": false
        },
        {
          "text": "BUS TIE电门 → AUTO",
          "level": 1,
          "optional": false
        },
        {
          "text": "外部电源 → 建立",
          "level": 1,
          "optional": true
        },
        {
          "text": "PRIMARY EXTERNAL POWER AVAIL灯 → 核实亮",
          "level": 2,
          "optional": true
        },
        {
          "text": "PRIMARY EXTERNAL POWER电门 → 按压",
          "level": 2,
          "optional": true
        },
        {
          "text": "次外部电源 → 建立",
          "level": 1,
          "optional": true
        },
        {
          "text": "SECONDARY EXTERNAL POWER AVAIL灯 → 核实亮",
          "level": 2,
          "optional": true
        },
        {
          "text": "SECONDARY EXTERNAL POWER电门 → 按压",
          "level": 2,
          "optional": true
        },
        {
          "text": "APU 电源 → 建立",
          "level": 1,
          "optional": true
        },
        {
          "text": "APU GENERATOR电门 → ON",
          "level": 2,
          "optional": true
        },
        {
          "text": "APU 选择器 → START → ON",
          "level": 2,
          "optional": true
        }
      ]
    },
    {
      "name": "初始飞行前程序",
      "items": [
        {
          "text": "ADIRU电门 → OFF 保持 30 秒 → ON",
          "level": 0,
          "optional": false,
          "checked": false
        },
        {
          "text": "ON BAT/OFF 灯 → 核实熄灭",
          "level": 0,
          "optional": false,
          "checked": false
        },
        {
          "text": "VOICE RECORDER电门 → 按需",
          "level": 0,
          "optional": false,
          "checked": false
        },
        {
          "text": "STATUS 显示 →  检查",
          "level": 0,
          "optional": false,
          "checked": false
        },
        {
          "text": "仅显示预期的信息 → 证实",
          "level": 1,
          "optional": false,
          "checked": false
        },
        {
          "text": "UTC 时间和日期正确 → 证实",
          "level": 1,
          "optional": false,
          "checked": false
        },
        {
          "text": "氧气压力 → 核实满足飞行条件",
          "level": 1,
          "optional": false,
          "checked": false
        },
        {
          "text": "液压量 → 核实满足飞行条件",
          "level": 1,
          "optional": false,
          "checked": false
        },
        {
          "text": "发动机滑油量 → 核实满足飞行条件",
          "level": 1,
          "optional": false,
          "checked": false
        },
        {
          "text": "EICAS 显示 → 检查",
          "level": 0,
          "optional": false,
          "checked": false
        },
        {
          "text": "仅预期的警戒和记忆信息显示 → 证实",
          "level": 1,
          "optional": false,
          "checked": false
        },
        {
          "text": "维护/更换机组 → 检查",
          "level": 0,
          "optional": true,
          "checked": false
        },
        {
          "text": "单侧氧气压力下降 → 测试",
          "level": 1,
          "optional": true,
          "checked": false
        },
        {
          "text": "氧气面罩 → 收上且面罩门关上",
          "level": 2,
          "optional": true,
          "checked": false
        },
        {
          "text": "机组氧气压力 → 检查 STATUS 氧气压力",
          "level": 2,
          "optional": true,
          "checked": false
        },
        {
          "text": "RESET/TEST 电门 → 按压并保持",
          "level": 2,
          "optional": true,
          "checked": false
        },
        {
          "text": "流量指示器上瞬间显示黄色十字 → 证实",
          "level": 3,
          "optional": true,
          "checked": false
        },
        {
          "text": "EMERGENCY/TEST 选择器 → 按压并保持 5 秒",
          "level": 2,
          "optional": true,
          "checked": false
        },
        {
          "text": "流量指示器上持续显示黄色十字 → 证实",
          "level": 3,
          "optional": true,
          "checked": false
        },
        {
          "text": "机组氧气压力减小值不超过 50 PSIG → 证实",
          "level": 3,
          "optional": true,
          "checked": false
        },
        {
          "text": "氧气瓶活门打开程度 → 检查",
          "level": 3,
          "optional": true,
          "checked": false
        },
        {
          "text": "压力没有迅速下降 → 证实",
          "level": 4,
          "optional": true,
          "checked": false
        },
        {
          "text": "压力没有减少超过50 PSIG → 证实",
          "level": 4,
          "optional": true,
          "checked": false
        },
        {
          "text": "压力没有缓慢增加到正常 → 证实",
          "level": 4,
          "optional": true,
          "checked": false
        },
        {
          "text": "RESET/TEST 电门 → 松开",
          "level": 2,
          "optional": true,
          "checked": false
        },
        {
          "text": "EMERGENCY/TEST 选择器 → 松开",
          "level": 2,
          "optional": true,
          "checked": false
        },
        {
          "text": "流量指示器黄色十字 → 证实不显示",
          "level": 2,
          "optional": true,
          "checked": false
        },
        {
          "text": "Normal/100% 选择器 → 100%",
          "level": 2,
          "optional": true,
          "checked": false
        },
        {
          "text": "机组氧气压力 → 检查 STATUS 核实满足放行要求",
          "level": 2,
          "optional": true,
          "checked": false
        },
        {
          "text": "维护文件 → 检查",
          "level": 1,
          "optional": true,
          "checked": false
        },
        {
          "text": "FLIGHT DECK ACCESS SYSTEM 电门 → 护盖盖好",
          "level": 1,
          "optional": true,
          "checked": false
        },
        {
          "text": "应急设备 → 检查",
          "level": 0,
          "optional": false,
          "checked": false
        },
        {
          "text": "灭火瓶 → 检查并放好",
          "level": 1,
          "optional": false,
          "checked": false
        },
        {
          "text": "应急斧 → 收好",
          "level": 1,
          "optional": false,
          "checked": false
        },
        {
          "text": "驾驶舱头顶门 → 关上并闩好",
          "level": 1,
          "optional": false,
          "checked": false
        },
        {
          "text": "紧急下降设备 → 收好",
          "level": 1,
          "optional": false,
          "checked": false
        },
        {
          "text": "其他所需设备 → 检查并收好",
          "level": 1,
          "optional": false,
          "checked": false
        },
        {
          "text": "顶部维护面板 → 护盖盖好",
          "level": 0,
          "optional": false,
          "checked": false
        },
        {
          "text": "所有维护灯 → 证实熄灭",
          "level": 1,
          "optional": false,
          "checked": false
        },
        {
          "text": "MEDICAL OUTLET POWER 开关 → 按需",
          "level": 1,
          "optional": false,
          "checked": false
        },
        {
          "text": "CARGO TEMPERATURE 选择器 → 按需",
          "level": 1,
          "optional": false,
          "checked": false
        },
        {
          "text": "跳开关 → 检查",
          "level": 0,
          "optional": false,
          "checked": false
        },
        {
          "text": "BROADBAND COM 电门 → 按需 → 护盖盖好",
          "level": 0,
          "optional": false,
          "checked": false
        },
        {
          "text": "停留刹车 → 按需操作",
          "level": 0,
          "optional": false,
          "checked": false
        },
        {
          "text": "检查刹车磨损指示器 → 刹上停留刹车",
          "level": 1,
          "optional": true,
          "checked": false
        }
      ]
    },
    {
      "name": "CDU飞行前程序",
      "items": [
        {
          "text": "任一飞行员 → 执行输入",
          "level": 0,
          "optional": false,
          "checked": false
        },
        {
          "text": "初始数据 → 设定",
          "level": 0,
          "optional": false,
          "checked": false
        },
        {
          "text": "IDENT 页面 → 设定",
          "level": 1,
          "optional": false,
          "checked": false
        },
        {
          "text": "MODEL → 证实",
          "level": 2,
          "optional": false,
          "checked": false
        },
        {
          "text": "ENG RATING → 证实",
          "level": 2,
          "optional": false,
          "checked": false
        },
        {
          "text": "导航数据库ACTIVE日期范围 → 证实",
          "level": 2,
          "optional": false,
          "checked": false
        },
        {
          "text": "POS INIT 页面 → 设定",
          "level": 1,
          "optional": false,
          "checked": false
        },
        {
          "text": "时间 → 证实正确",
          "level": 2,
          "optional": false,
          "checked": false
        },
        {
          "text": "SET INERTIAL POS → 输入当前精确经纬度",
          "level": 2,
          "optional": false,
          "checked": false
        },
        {
          "text": "导航数据 → 设定",
          "level": 0,
          "optional": false,
          "checked": false
        },
        {
          "text": "RTE 页面 → 设定",
          "level": 1,
          "optional": false,
          "checked": false
        },
        {
          "text": "航路 → 输入",
          "level": 2,
          "optional": false,
          "checked": false
        },
        {
          "text": "FLIGHT NUMBER → 输入",
          "level": 2,
          "optional": false,
          "checked": false
        },
        {
          "text": "航路 → 生效并执行",
          "level": 2,
          "optional": false,
          "checked": false
        },
        {
          "text": "DEPARTURES 页面 → 设定",
          "level": 1,
          "optional": false,
          "checked": false
        },
        {
          "text": "跑道和离场航路 → 选择 → 执行",
          "level": 2,
          "optional": false,
          "checked": false
        },
        {
          "text": "RTE 航路页面 → 设定",
          "level": 1,
          "optional": false,
          "checked": false
        },
        {
          "text": "LEGS 页面 → 检查确保与计划一致",
          "level": 1,
          "optional": false,
          "checked": false
        },
        {
          "text": "离场 RNP → 证实",
          "level": 1,
          "optional": false,
          "checked": false
        },
        {
          "text": "NAV RADIO 页面 → 设定",
          "level": 1,
          "optional": false,
          "checked": false
        },
        {
          "text": "导航无线电 → 按需调谐",
          "level": 2,
          "optional": false,
          "checked": false
        },
        {
          "text": "性能数据 → 设定",
          "level": 0,
          "optional": false,
          "checked": false
        },
        {
          "text": "PERF INIT 页面 → 设定",
          "level": 1,
          "optional": false,
          "checked": false
        },
        {
          "text": "ZFW → 输入",
          "level": 2,
          "optional": false,
          "checked": false
        },
        {
          "text": "CDU、放行单、EICAS 上 FUEL → 证实一致",
          "level": 2,
          "optional": false,
          "checked": false
        },
        {
          "text": "燃油量 → 证实满足飞行所需",
          "level": 2,
          "optional": false,
          "checked": false
        },
        {
          "text": "CDU 和放行单上的 GR WT → 证实一致",
          "level": 2,
          "optional": false,
          "checked": false
        },
        {
          "text": "THRUST LIM 页面 → 设定",
          "level": 1,
          "optional": false,
          "checked": false
        },
        {
          "text": "假设温度 → 按需选择",
          "level": 2,
          "optional": false,
          "checked": false
        },
        {
          "text": "固定减额定推力起飞 → 按需选择",
          "level": 2,
          "optional": false,
          "checked": false
        },
        {
          "text": "APU 给空调组件供气方式 → 如需选择",
          "level": 2,
          "optional": false,
          "checked": false
        },
        {
          "text": "全推力或减推力爬升 → 按需选择",
          "level": 2,
          "optional": false,
          "checked": false
        },
        {
          "text": "TAKEOFF REF 页面 → 设定",
          "level": 1,
          "optional": false,
          "checked": false
        },
        {
          "text": "2/2 页数据 → 先输入",
          "level": 2,
          "optional": false,
          "checked": false
        },
        {
          "text": "1/2 页数据 → 后输入",
          "level": 2,
          "optional": false,
          "checked": false
        },
        {
          "text": "另一名飞行员 → 证实输入内容",
          "level": 0,
          "optional": false,
          "checked": false
        }
      ]
    },
    {
      "name": "外部检查程序",
      "items": [
        {
          "text": "飞机状态 →  检查",
          "level": 0,
          "optional": false,
          "checked": false
        },
        {
          "text": "各检查位置 → 可按任意顺序",
          "level": 1,
          "optional": false,
          "checked": false
        },
        {
          "text": "左前机身 → 检查",
          "level": 0,
          "optional": false,
          "checked": false
        },
        {
          "text": "探头、传感器、孔、通风口、排水管 → 检查",
          "level": 1,
          "optional": false,
          "checked": false
        },
        {
          "text": "舱门与检修盖板 → 闩好",
          "level": 1,
          "optional": false,
          "checked": false
        },
        {
          "text": "氧气压力释放绿片 → 在位",
          "level": 1,
          "optional": false,
          "checked": false
        },
        {
          "text": "前排气活门 → 检查",
          "level": 1,
          "optional": false,
          "checked": false
        },
        {
          "text": "机头 → 检查",
          "level": 0,
          "optional": false,
          "checked": false
        },
        {
          "text": "雷达罩 → 检查",
          "level": 1,
          "optional": false,
          "checked": false
        },
        {
          "text": "雷击导流条 → 固定",
          "level": 1,
          "optional": false,
          "checked": false
        },
        {
          "text": "前检修舱门 → 关好",
          "level": 1,
          "optional": false,
          "checked": false
        },
        {
          "text": "前轮舱",
          "level": 0,
          "optional": false,
          "checked": false
        },
        {
          "text": "前轮舱轮胎与机轮 → 检查磨损不严重、无损坏、无胎面脱离",
          "level": 1,
          "optional": false,
          "checked": false
        },
        {
          "text": "前轮舱起落架减震支柱 → 检查未完全压缩",
          "level": 1,
          "optional": false,
          "checked": false
        },
        {
          "text": "前轮舱起落架舱门 → 检查",
          "level": 1,
          "optional": false,
          "checked": false
        },
        {
          "text": "前轮转弯装置 → 检查",
          "level": 1,
          "optional": false,
          "checked": false
        },
        {
          "text": "起落架锁销 → 按需",
          "level": 1,
          "optional": false,
          "checked": false
        },
        {
          "text": "前起落架拖杆 → 按需",
          "level": 1,
          "optional": false,
          "checked": false
        },
        {
          "text": "前起落架拖杆锁销 → 按需",
          "level": 1,
          "optional": false,
          "checked": false
        },
        {
          "text": "外部灯 → 检查",
          "level": 1,
          "optional": false,
          "checked": false
        },
        {
          "text": "轮舱灯开关 → 按需",
          "level": 1,
          "optional": false,
          "checked": false
        },
        {
          "text": "前电气和电子舱门 → 关好",
          "level": 1,
          "optional": false,
          "checked": false
        },
        {
          "text": "右前机身 → 检查",
          "level": 0,
          "optional": false,
          "checked": false
        },
        {
          "text": "探头、传感器、孔、通风口、排水管 → 检查",
          "level": 1,
          "optional": false,
          "checked": false
        },
        {
          "text": "舱门与检修盖板 → 闩好",
          "level": 1,
          "optional": false,
          "checked": false
        },
        {
          "text": "负压释压口 → 关闭",
          "level": 1,
          "optional": false,
          "checked": false
        },
        {
          "text": "右翼根、空调组件和下机身 → 检查",
          "level": 0,
          "optional": false,
          "checked": false
        },
        {
          "text": "探头、传感器、孔、通风口、排水管 → 检查",
          "level": 1,
          "optional": false,
          "checked": false
        },
        {
          "text": "外部灯 → 检查",
          "level": 1,
          "optional": false,
          "checked": false
        },
        {
          "text": "空调组件进气口与气源检修门 → 关好",
          "level": 1,
          "optional": false,
          "checked": false
        },
        {
          "text": "前缘襟翼 → 检查",
          "level": 1,
          "optional": false,
          "checked": false
        },
        {
          "text": "右发动机 → 检查",
          "level": 0,
          "optional": false,
          "checked": false
        },
        {
          "text": "检修盖板 → 闩好",
          "level": 1,
          "optional": false,
          "checked": false
        },
        {
          "text": "探头、传感器、孔、通风口、排水管 → 检查",
          "level": 1,
          "optional": false,
          "checked": false
        },
        {
          "text": "风扇叶片、探头及转子 → 检查",
          "level": 1,
          "optional": false,
          "checked": false
        },
        {
          "text": "反推 → 收好",
          "level": 1,
          "optional": false,
          "checked": false
        },
        {
          "text": "排气区与尾锥 → 检查",
          "level": 1,
          "optional": false,
          "checked": false
        },
        {
          "text": "右翼及前缘 → 检查",
          "level": 0,
          "optional": false,
          "checked": false
        },
        {
          "text": "检修盖板 → 闩好",
          "level": 1,
          "optional": false,
          "checked": false
        },
        {
          "text": "前缘缝翼 → 检查",
          "level": 1,
          "optional": false,
          "checked": false
        },
        {
          "text": "燃油尺 → 齐平并固定",
          "level": 1,
          "optional": false,
          "checked": false
        },
        {
          "text": "机翼表面 → 检查",
          "level": 1,
          "optional": false,
          "checked": false
        },
        {
          "text": "油箱通风口 → 检查",
          "level": 1,
          "optional": false,
          "checked": false
        },
        {
          "text": "右翼尖及后缘 → 检查",
          "level": 0,
          "optional": false,
          "checked": false
        },
        {
          "text": "导航灯与频闪灯 → 检查",
          "level": 1,
          "optional": false,
          "checked": false
        },
        {
          "text": "静电放电刷 → 检查",
          "level": 1,
          "optional": false,
          "checked": false
        },
        {
          "text": "放油喷嘴 → 检查",
          "level": 1,
          "optional": false,
          "checked": false
        },
        {
          "text": "副翼、襟副翼和后缘襟翼 → 检查",
          "level": 1,
          "optional": false,
          "checked": false
        },
        {
          "text": "右主起落架 → 检查",
          "level": 0,
          "optional": false,
          "checked": false
        },
        {
          "text": "轮胎、刹车和机轮 → 检查磨损不严重、无损坏、无胎面脱离",
          "level": 1,
          "optional": false,
          "checked": false
        },
        {
          "text": "轮舱 → 检查",
          "level": 1,
          "optional": false,
          "checked": false
        },
        {
          "text": "轮挡 → 按需证实在位",
          "level": 1,
          "optional": false,
          "checked": false
        },
        {
          "text": "停留刹车刹住时刹车磨损指示条 → 证实伸出导板",
          "level": 1,
          "optional": true,
          "checked": false
        },
        {
          "text": "减震支柱、作动筒和舱门 → 检查未完全压缩",
          "level": 1,
          "optional": false,
          "checked": false
        },
        {
          "text": "液压管线 → 完好",
          "level": 1,
          "optional": false,
          "checked": false
        },
        {
          "text": "起落架锁销 → 按需",
          "level": 1,
          "optional": false,
          "checked": false
        },
        {
          "text": "右主轮舱 → 检查",
          "level": 0,
          "optional": false,
          "checked": false
        },
        {
          "text": "舱门 → 检查",
          "level": 1,
          "optional": false,
          "checked": false
        },
        {
          "text": "右后机身 → 检查",
          "level": 0,
          "optional": false,
          "checked": false
        },
        {
          "text": "冲压空气涡轮舱门 → 检查",
          "level": 1,
          "optional": false,
          "checked": false
        },
        {
          "text": "舱门与检修盖板 → 闩好",
          "level": 1,
          "optional": false,
          "checked": false
        },
        {
          "text": "探头、传感器、孔、通风口、排水管 → 检查",
          "level": 1,
          "optional": false,
          "checked": false
        },
        {
          "text": "机尾 → 检查",
          "level": 0,
          "optional": false,
          "checked": false
        },
        {
          "text": "垂直安定面与方向舵 → 检查",
          "level": 1,
          "optional": false,
          "checked": false
        },
        {
          "text": "水平安定面与升降舵 → 检查",
          "level": 1,
          "optional": false,
          "checked": false
        },
        {
          "text": "静电放电刷 → 检查",
          "level": 1,
          "optional": false,
          "checked": false
        },
        {
          "text": "频闪灯 → 检查",
          "level": 1,
          "optional": false,
          "checked": false
        },
        {
          "text": "APU 排气口 → 检查",
          "level": 1,
          "optional": false,
          "checked": false
        },
        {
          "text": "左后机身 → 检查",
          "level": 0,
          "optional": false,
          "checked": false
        },
        {
          "text": "后排气活门 → 检查",
          "level": 1,
          "optional": false,
          "checked": false
        },
        {
          "text": "舱门与检修盖板 → 闩好",
          "level": 1,
          "optional": false,
          "checked": false
        },
        {
          "text": "探头、传感器、孔、通气孔、排水管 → 检查",
          "level": 1,
          "optional": false,
          "checked": false
        },
        {
          "text": "左主轮舱 → 检查",
          "level": 0,
          "optional": false,
          "checked": false
        },
        {
          "text": "舱门 → 检查",
          "level": 1,
          "optional": false,
          "checked": false
        },
        {
          "text": "左主起落架 → 检查",
          "level": 0,
          "optional": false,
          "checked": false
        },
        {
          "text": "轮胎、刹车和机轮 → 检查磨损不严重、无损坏、无胎面脱离",
          "level": 1,
          "optional": false,
          "checked": false
        },
        {
          "text": "轮挡 → 按需证实在位",
          "level": 1,
          "optional": false,
          "checked": false
        },
        {
          "text": "若停留刹车刹住 → 证实刹车磨损指示条伸出导板",
          "level": 1,
          "optional": true,
          "checked": false
        },
        {
          "text": "减震支柱、作动筒和舱门 → 检查未完全压缩",
          "level": 1,
          "optional": false,
          "checked": false
        },
        {
          "text": "液压管线 → 完好",
          "level": 1,
          "optional": false,
          "checked": false
        },
        {
          "text": "起落架锁销 → 按需",
          "level": 1,
          "optional": false,
          "checked": false
        },
        {
          "text": "左翼尖及后缘 → 检查",
          "level": 0,
          "optional": false,
          "checked": false
        },
        {
          "text": "导航灯与频闪灯 → 检查",
          "level": 1,
          "optional": false,
          "checked": false
        },
        {
          "text": "静电放电刷 → 检查",
          "level": 1,
          "optional": false,
          "checked": false
        },
        {
          "text": "副翼、襟副翼和后缘襟翼 → 检查",
          "level": 1,
          "optional": false,
          "checked": false
        },
        {
          "text": "放油喷嘴 → 检查",
          "level": 1,
          "optional": false,
          "checked": false
        },
        {
          "text": "油箱通风口 → 检查",
          "level": 1,
          "optional": false,
          "checked": false
        },
        {
          "text": "左翼及前缘 → 检查",
          "level": 0,
          "optional": false,
          "checked": false
        },
        {
          "text": "机翼表面 → 检查",
          "level": 1,
          "optional": false,
          "checked": false
        },
        {
          "text": "燃油尺 → 齐平并固定",
          "level": 1,
          "optional": false,
          "checked": false
        },
        {
          "text": "油箱通风口 → 检查",
          "level": 1,
          "optional": false,
          "checked": false
        },
        {
          "text": "前缘缝翼 → 检查",
          "level": 1,
          "optional": false,
          "checked": false
        },
        {
          "text": "检修盖板 → 闩好",
          "level": 1,
          "optional": false,
          "checked": false
        },
        {
          "text": "左发动机 → 检查",
          "level": 0,
          "optional": false,
          "checked": false
        },
        {
          "text": "排气区与尾锥 → 检查",
          "level": 1,
          "optional": false,
          "checked": false
        },
        {
          "text": "反推 → 收好",
          "level": 1,
          "optional": false,
          "checked": false
        },
        {
          "text": "探头、传感器、孔、通风口、排水管 → 检查",
          "level": 1,
          "optional": false,
          "checked": false
        },
        {
          "text": "检修盖板 → 闩好",
          "level": 1,
          "optional": false,
          "checked": false
        },
        {
          "text": "风扇叶片、探头、转子 → 检查",
          "level": 1,
          "optional": false,
          "checked": false
        },
        {
          "text": "左翼根、空调组件、下机身 → 检查",
          "level": 0,
          "optional": false,
          "checked": false
        },
        {
          "text": "探头、传感器、孔、通风口、排水管 → 检查",
          "level": 1,
          "optional": false,
          "checked": false
        },
        {
          "text": "外部灯 → 检查",
          "level": 1,
          "optional": false,
          "checked": false
        },
        {
          "text": "空调组件进气口与气源检修门 → 关好",
          "level": 1,
          "optional": false,
          "checked": false
        },
        {
          "text": "负压释压口 → 关闭",
          "level": 1,
          "optional": false,
          "checked": false
        },
        {
          "text": "正压释压活门 → 关闭",
          "level": 1,
          "optional": false,
          "checked": false
        },
        {
          "text": "前缘襟翼 → 检查",
          "level": 1,
          "optional": false,
          "checked": false
        },
        {
          "text": "飞机状态 → 证实适合飞行",
          "level": 0,
          "optional": false,
          "checked": false
        },
        {
          "text": "表面和结构 → 检查光洁、无损坏、无缺件、无液体渗漏",
          "level": 1,
          "optional": false,
          "checked": false
        },
        {
          "text": "轮胎 → 检查磨损不严重、无损坏、无胎面脱离",
          "level": 1,
          "optional": false,
          "checked": false
        },
        {
          "text": "减震支柱 → 检查未完全压缩",
          "level": 1,
          "optional": false,
          "checked": false
        },
        {
          "text": "发动机进气口和尾喷管 → 检查光洁、盖板盖紧、外部无损、反推收好",
          "level": 1,
          "optional": false,
          "checked": false
        },
        {
          "text": "未使用舱门和检修盖板 → 闩好",
          "level": 1,
          "optional": false,
          "checked": false
        },
        {
          "text": "探头、通风口、静压孔 →  检查光洁、无损坏",
          "level": 1,
          "optional": false,
          "checked": false
        },
        {
          "text": "皮托探头与周围蒙皮 → 检查无褶皱",
          "level": 1,
          "optional": false,
          "checked": false
        },
        {
          "text": "天线 → 检查未损坏",
          "level": 1,
          "optional": false,
          "checked": false
        },
        {
          "text": "灯罩 → 检查清洁、无损坏",
          "level": 1,
          "optional": false,
          "checked": false
        }
      ]
    },
    {
      "name": "飞行前副驾驶程序",
      "items": [
        {
          "text": "PFC 面板 → 设定",
          "level": 0,
          "optional": false
        },
        {
          "text": "THRUST ASYMMETRY COMPENSATION电门 → AUTO",
          "level": 1,
          "optional": false
        },
        {
          "text": "THRUST ASYMMETRY COMPENSATION OFF 灯 → 证实灭",
          "level": 1,
          "optional": false
        },
        {
          "text": "PRIMARY FLIGHT COMPUTERS DISCONNECT电门 → 护盖盖好",
          "level": 1,
          "optional": false
        },
        {
          "text": "PRIMARY FLIGHT COMPUTERS DISCONNECT 灯 → 证实灭",
          "level": 1,
          "optional": false
        },
        {
          "text": "ELECTRICAL 面板 → 设定",
          "level": 0,
          "optional": false
        },
        {
          "text": "BATTERY 电门 → ON",
          "level": 1,
          "optional": false
        },
        {
          "text": "BATTERY OFF 灯 → 证实灭",
          "level": 1,
          "optional": false
        },
        {
          "text": "IFE/PASS SEATS 电源电门 → ON",
          "level": 1,
          "optional": false
        },
        {
          "text": "IFE/PASS SEATS OFF 灯 → 证实灭",
          "level": 1,
          "optional": false
        },
        {
          "text": "CABIN/UTILITY 电源电门 → ON",
          "level": 1,
          "optional": false
        },
        {
          "text": "CABIN/UTILITY OFF 灯 → 证实灭",
          "level": 1,
          "optional": false
        },
        {
          "text": "APU GENERATOR 电门 → ON",
          "level": 1,
          "optional": false
        },
        {
          "text": "APU GENERATOR OFF 灯 → 证实灭",
          "level": 1,
          "optional": false
        },
        {
          "text": "BUS TIE 电门 → AUTO",
          "level": 1,
          "optional": false
        },
        {
          "text": "ISLN 灯 → 证实灭",
          "level": 1,
          "optional": false
        },
        {
          "text": "GENERATOR CONTROL 电门 → ON",
          "level": 1,
          "optional": false
        },
        {
          "text": "GENERATOR CONTROL OFF 灯 → 证实亮",
          "level": 1,
          "optional": false
        },
        {
          "text": "GENERATOR CONTROL DRIVE 灯 → 证实亮",
          "level": 1,
          "optional": false
        },
        {
          "text": "BACKUP GENERATOR 电门 → ON",
          "level": 1,
          "optional": false
        },
        {
          "text": "BACKUP GENERATOR OFF 灯 → 证实保持亮直到相应发动机起动",
          "level": 1,
          "optional": false
        },
        {
          "text": "APU 面板 → 设定",
          "level": 0,
          "optional": true
        },
        {
          "text": "APU 选择器 → START → ON",
          "level": 1,
          "optional": true
        },
        {
          "text": "APU 选择器 → 证实不弹回ON",
          "level": 1,
          "optional": true
        },
        {
          "text": "FAULT 灯 → 证实灭",
          "level": 1,
          "optional": true
        },
        {
          "text": "左雨刮面板 → 设定",
          "level": 0,
          "optional": false
        },
        {
          "text": "CAMERA LIGHTS 开关 → 按需",
          "level": 1,
          "optional": false
        },
        {
          "text": "L WIPER 选择器 → OFF",
          "level": 1,
          "optional": false
        },
        {
          "text": "紧急面板 → 设定",
          "level": 0,
          "optional": false
        },
        {
          "text": "ELT 电门 → 护盖盖好",
          "level": 1,
          "optional": false
        },
        {
          "text": "EMERGENCY LIGHTS 电门 → 护盖盖好",
          "level": 1,
          "optional": false
        },
        {
          "text": "SERVICE INTERPHONE 电门 → OFF",
          "level": 1,
          "optional": false
        },
        {
          "text": "PASSENGER OXYGEN ON 灯 → 证实灯灭",
          "level": 1,
          "optional": false
        },
        {
          "text": "WINDOW HEAT 面板 → 设定",
          "level": 0,
          "optional": false
        },
        {
          "text": "WINDOW HEAT 电门 → ON",
          "level": 1,
          "optional": false
        },
        {
          "text": "WINDOW HEAT INOP 灯 → 证实灭",
          "level": 1,
          "optional": false
        },
        {
          "text": "RAM AIR TURBINE UNLOCK 灯 → 证实灯灭",
          "level": 0,
          "optional": false
        },
        {
          "text": "HYDRAULIC 面板 → 设定",
          "level": 0,
          "optional": false
        },
        {
          "text": "LEFT/RIGHT ENGINE PRIMARY 泵电门 → ON",
          "level": 1,
          "optional": false
        },
        {
          "text": "LEFT/RIGHT ENGINE PRIMARY 泵FAULT 灯 → 证实亮",
          "level": 1,
          "optional": false
        },
        {
          "text": "C1/C2 ELECTRIC PRIMARY 泵电门 → OFF",
          "level": 1,
          "optional": false
        },
        {
          "text": "C1/C2 ELECTRIC PRIMARY 泵FAULT 灯 → 证实亮",
          "level": 1,
          "optional": false
        },
        {
          "text": "DEMAND 泵选择器 → OFF",
          "level": 1,
          "optional": false
        },
        {
          "text": "DEMAND 泵FAULT 灯 → 证实亮",
          "level": 1,
          "optional": false
        },
        {
          "text": "PASSENGER SIGNS 面板 → 设定",
          "level": 0,
          "optional": false
        },
        {
          "text": "NO SMOKING 选择器 → AUTO 或 ON",
          "level": 1,
          "optional": false
        },
        {
          "text": "SEAT BELTS 选择器 → AUTO 或 ON",
          "level": 1,
          "optional": false
        },
        {
          "text": "灯光面板 → 设定",
          "level": 0,
          "optional": false
        },
        {
          "text": "OVERHEAD 面板灯光控制 → MID",
          "level": 1,
          "optional": false
        },
        {
          "text": "CIRCUIT BREAKER 面板灯光控制 → MID",
          "level": 1,
          "optional": false
        },
        {
          "text": "MASTER BRIGHTNESS 电门 → ON",
          "level": 1,
          "optional": false
        },
        {
          "text": "MASTER BRIGHTNESS 控制 → 按需",
          "level": 1,
          "optional": false
        },
        {
          "text": "GLARESHIELD PANEL 灯光控制 → MID",
          "level": 1,
          "optional": false
        },
        {
          "text": "FLOOD 灯控制 → MID位",
          "level": 1,
          "optional": false
        },
        {
          "text": "LANDING 灯电门 → OFF",
          "level": 1,
          "optional": false
        },
        {
          "text": "APU 火警面板 → 设定",
          "level": 0,
          "optional": false
        },
        {
          "text": "APU BTL DISCH 灯 → 证实灭",
          "level": 1,
          "optional": false
        },
        {
          "text": "APU 火警电门 → IN",
          "level": 1,
          "optional": false
        },
        {
          "text": "APU 火警灯 → 证实灭",
          "level": 1,
          "optional": false
        },
        {
          "text": "CARGO FIRE面板 → 设定",
          "level": 0,
          "optional": false
        },
        {
          "text": "CARGO FIRE ARM电门 → OFF",
          "level": 1,
          "optional": false
        },
        {
          "text": "FWD 和AFT 火警灯灭 → 证实",
          "level": 1,
          "optional": false
        },
        {
          "text": "货舱火警 DISCH 灯 → 证实灭",
          "level": 1,
          "optional": false
        },
        {
          "text": "ENGINE 面板 → 设定",
          "level": 0,
          "optional": false
        },
        {
          "text": "EEC MODE电门 → NORM",
          "level": 1,
          "optional": false
        },
        {
          "text": "START选择器 → NORM",
          "level": 1,
          "optional": false
        },
        {
          "text": "AUTOSTART电门 → ON",
          "level": 1,
          "optional": false
        },
        {
          "text": "OFF 灯 → 证实灭",
          "level": 1,
          "optional": false
        },
        {
          "text": "FUEL JETTISON面板 → 设定",
          "level": 0,
          "optional": false
        },
        {
          "text": "FUEL JETTISON NOZZLE电门 → Off",
          "level": 1,
          "optional": false
        },
        {
          "text": "VALVE 灯 → 证实灭",
          "level": 1,
          "optional": false
        },
        {
          "text": "FUEL TO REMAI 选择器 → IN",
          "level": 1,
          "optional": false
        },
        {
          "text": "FUEL JETTISON ARM电门 → Off",
          "level": 1,
          "optional": false
        },
        {
          "text": "FAULT 灯 → 核实灭",
          "level": 1,
          "optional": false
        },
        {
          "text": "FUEL面板 → 设定",
          "level": 0,
          "optional": false
        },
        {
          "text": "CROSSFEED电门 → OFF",
          "level": 1,
          "optional": false
        },
        {
          "text": "VALVE 灯 → 证实灭",
          "level": 1,
          "optional": false
        },
        {
          "text": "FUEL PUMP电门 → OFF",
          "level": 1,
          "optional": false
        },
        {
          "text": "左前泵PRESS 灯 → APU开证实灭，APU关证实亮",
          "level": 1,
          "optional": false
        },
        {
          "text": "另一左泵和右泵PRESS 灯 → 证实亮",
          "level": 1,
          "optional": false
        },
        {
          "text": "中央油箱泵PRESS 灯 → 证实灭",
          "level": 1,
          "optional": false
        },
        {
          "text": "ANTI-ICE 面板 → 设定",
          "level": 0,
          "optional": false
        },
        {
          "text": "WING防冰选择器 → AUTO",
          "level": 1,
          "optional": false
        },
        {
          "text": "ENG防冰选择器 → AUTO",
          "level": 1,
          "optional": false
        },
        {
          "text": "灯光面板 → 设定",
          "level": 0,
          "optional": false
        },
        {
          "text": "BEACON灯电门 → OFF",
          "level": 1,
          "optional": false
        },
        {
          "text": "NAVIGATION灯电门 → 按需",
          "level": 1,
          "optional": false
        },
        {
          "text": "LOGO灯电门 → 按需",
          "level": 1,
          "optional": false
        },
        {
          "text": "WING灯电门 → 按需",
          "level": 1,
          "optional": false
        },
        {
          "text": "INDICATOR LIGHTS电门 → 按需",
          "level": 1,
          "optional": false
        },
        {
          "text": "RUNWAY TURNOFF灯电门 → OFF",
          "level": 1,
          "optional": false
        },
        {
          "text": "TAXI灯电门 → OFF",
          "level": 1,
          "optional": false
        },
        {
          "text": "STROBE灯电门 → OFF",
          "level": 1,
          "optional": false
        },
        {
          "text": "AIR CONDITIONING面板 → 设定",
          "level": 0,
          "optional": false
        },
        {
          "text": "前货舱空调控制 → 按需",
          "level": 1,
          "optional": false
        },
        {
          "text": "EQUIPMENT COOLING电门 → AUTO",
          "level": 1,
          "optional": false
        },
        {
          "text": "OVRD 灯 → 证实灭",
          "level": 1,
          "optional": false
        },
        {
          "text": "RECIRCULATION FANS电门 → ON",
          "level": 1,
          "optional": false
        },
        {
          "text": "FLIGHT DECK TEMPERATURE控制 → AUTO",
          "level": 1,
          "optional": false
        },
        {
          "text": "CABIN TEMPERATURE控制 → MID",
          "level": 1,
          "optional": false
        },
        {
          "text": "PACK电门 → AUTO",
          "level": 1,
          "optional": false
        },
        {
          "text": "PACK OFF 灯 → 证实灭",
          "level": 1,
          "optional": false
        },
        {
          "text": "TRIM AIR电门 → ON",
          "level": 1,
          "optional": false
        },
        {
          "text": "FAULT 灯 → 证实灭",
          "level": 1,
          "optional": false
        },
        {
          "text": "BLEED AIR面板 → 设定",
          "level": 0,
          "optional": false
        },
        {
          "text": "LEFT/CENTER/RIGHT ISOLATION电门 → AUTO",
          "level": 1,
          "optional": false
        },
        {
          "text": "CLOSED 灯 → 证实灭",
          "level": 1,
          "optional": false
        },
        {
          "text": "ENGINE引气电门 → ON",
          "level": 1,
          "optional": false
        },
        {
          "text": "ENGINE引气 OFF 灯 → 证实亮，直到相关发动机起动",
          "level": 1,
          "optional": false
        },
        {
          "text": "APU引气电门 → AUTO",
          "level": 1,
          "optional": false
        },
        {
          "text": "APU引气 OFF 灯 → 证实灭",
          "level": 1,
          "optional": false
        },
        {
          "text": "PRESSURIZATION 面板 → 设定",
          "level": 0,
          "optional": false
        },
        {
          "text": "OUTFLOW VALVE电门 → AUTO",
          "level": 1,
          "optional": false
        },
        {
          "text": "MAN 灯 → 证实灭",
          "level": 1,
          "optional": false
        },
        {
          "text": "LANDING ALTITUDE选择器 → IN",
          "level": 1,
          "optional": false
        },
        {
          "text": "右雨刮面板 → 设定",
          "level": 0,
          "optional": false
        },
        {
          "text": "R WIPER选择器 → OFF",
          "level": 1,
          "optional": false
        },
        {
          "text": "显示选择面板 → 设定",
          "level": 0,
          "optional": false
        },
        {
          "text": "LOWER CENTER显示电门 → 按压",
          "level": 1,
          "optional": false
        },
        {
          "text": "EFIS控制面板 → 设定",
          "level": 0,
          "optional": false
        },
        {
          "text": "FORWARD PANEL BRIGHTNESS控制 → MID",
          "level": 1,
          "optional": false
        },
        {
          "text": "FLIGHT DIRECTOR电门 → ON",
          "level": 1,
          "optional": false
        },
        {
          "text": "MINIMUMS基准选择器 → RADIO或BARO",
          "level": 1,
          "optional": false
        },
        {
          "text": "MINIMUMS选择器 → 设定决断高或高度基准",
          "level": 1,
          "optional": false
        },
        {
          "text": "FLIGHT PATH VECTOR电门 → 按需",
          "level": 1,
          "optional": false
        },
        {
          "text": "METERS电门 → 按需",
          "level": 1,
          "optional": false
        },
        {
          "text": "BAROMETRIC基准选择器 → IN或HPA",
          "level": 1,
          "optional": false
        },
        {
          "text": "BAROMETRIC选择器 → 设定当地高度表拨正值",
          "level": 1,
          "optional": false
        },
        {
          "text": "VOR/ADF电门 → 按需",
          "level": 1,
          "optional": false
        },
        {
          "text": "ND方式选择器 → MAP",
          "level": 1,
          "optional": false
        },
        {
          "text": "ND CENTER电门 → 按需",
          "level": 1,
          "optional": false
        },
        {
          "text": "ND范围选择器 → 按需",
          "level": 1,
          "optional": false
        },
        {
          "text": "ND TRAFFIC电门 → 按需",
          "level": 1,
          "optional": false
        },
        {
          "text": "WEATHER RADAR → OFF",
          "level": 1,
          "optional": false
        },
        {
          "text": "ND 上不显示气象雷达指示 → 证实",
          "level": 1,
          "optional": false
        },
        {
          "text": "MAP电门 → 按需",
          "level": 1,
          "optional": false
        },
        {
          "text": "仪表源选择面板 → 设定",
          "level": 0,
          "optional": false
        },
        {
          "text": "NAVIGATION源电门 → OFF",
          "level": 1,
          "optional": false
        },
        {
          "text": "DISPLAY CONTROL源电门 → OFF",
          "level": 1,
          "optional": false
        },
        {
          "text": "AIR DATA/ATT源电门 → OFF",
          "level": 1,
          "optional": false
        },
        {
          "text": "INBOARD DISPLAY选择器 → MFD",
          "level": 1,
          "optional": false
        },
        {
          "text": "FMC选择器 → AUTO",
          "level": 1,
          "optional": false
        },
        {
          "text": "CDU数据 → 证实",
          "level": 1,
          "optional": false
        },
        {
          "text": "IRS导航数据 → 证实",
          "level": 1,
          "optional": false
        },
        {
          "text": "飞行仪表 → 检查",
          "level": 0,
          "optional": false
        },
        {
          "text": "显示故障旗TCAS OFF → 证实",
          "level": 1,
          "optional": false
        },
        {
          "text": "显示故障旗NO VSPD 直到FMC起飞速度填入→ 证实",
          "level": 1,
          "optional": false
        },
        {
          "text": "自动油门方式 → 证实空白",
          "level": 1,
          "optional": false
        },
        {
          "text": "横滚方式 → 证实TO/GA",
          "level": 1,
          "optional": false
        },
        {
          "text": "俯仰方式 → 证实TO/GA",
          "level": 1,
          "optional": false
        },
        {
          "text": "AFDS 状态 → 证实FLT DIR",
          "level": 1,
          "optional": false
        },
        {
          "text": "地图方式 → 选择",
          "level": 1,
          "optional": false
        },
        {
          "text": "起落架面板 → 设定",
          "level": 0,
          "optional": false
        },
        {
          "text": "GND PROX 灯灭 → 证实",
          "level": 1,
          "optional": false
        },
        {
          "text": "FLAP OVERRIDE电门 → OFF",
          "level": 1,
          "optional": false
        },
        {
          "text": "GEAR OVERRIDE电门 → OFF",
          "level": 1,
          "optional": false
        },
        {
          "text": "TERRAIN OVERRIDE电门 → OFF",
          "level": 1,
          "optional": false
        },
        {
          "text": "起落架手柄 → DN",
          "level": 1,
          "optional": false
        },
        {
          "text": "ALTERNATE GEAR电门 → 护盖盖好",
          "level": 1,
          "optional": false
        },
        {
          "text": "AUTOBRAKE选择器 → RTO",
          "level": 1,
          "optional": false
        },
        {
          "text": "ICAS显示 → 检查",
          "level": 0,
          "optional": false
        },
        {
          "text": "主发动机指示显示当前状况 → 证实",
          "level": 1,
          "optional": false
        },
        {
          "text": "无超限指示 → 证实",
          "level": 1,
          "optional": false
        },
        {
          "text": "MFD → 检查",
          "level": 0,
          "optional": false
        },
        {
          "text": "次要ENG指示 → 检查",
          "level": 1,
          "optional": false
        },
        {
          "text": "次要发动机指示显示当前状况 → 证实",
          "level": 1,
          "optional": false
        },
        {
          "text": "次要发动机无超限指示 → 证实",
          "level": 1,
          "optional": false
        },
        {
          "text": "STATUS显示电门 → 按压",
          "level": 1,
          "optional": false
        },
        {
          "text": "STATUS状态信息 → 检查",
          "level": 1,
          "optional": false
        },
        {
          "text": "CHECKLIST显示电门 → 按压",
          "level": 0,
          "optional": false
        },
        {
          "text": "LOWER CENTER光标位置电门 → 按压",
          "level": 1,
          "optional": false
        },
        {
          "text": "下部中央光标位置灯亮 → 证实",
          "level": 1,
          "optional": false
        },
        {
          "text": "RESETS → 选择",
          "level": 1,
          "optional": false
        },
        {
          "text": "RESET ALL → 选择",
          "level": 1,
          "optional": false
        },
        {
          "text": "COMMUNICATION显示电门 → 按压",
          "level": 0,
          "optional": false
        },
        {
          "text": "MANAGER → 选择",
          "level": 1,
          "optional": false
        },
        {
          "text": "SYSTEM INFORMATION → 选择",
          "level": 1,
          "optional": false
        },
        {
          "text": "TAIL NUMBER 正确 → 核实",
          "level": 1,
          "optional": false
        },
        {
          "text": "中央面板 → 检查",
          "level": 0,
          "optional": false
        },
        {
          "text": "中央DISPLAY CONTROL源电门 → OFF",
          "level": 1,
          "optional": false
        },
        {
          "text": "CENTER PANEL BRIGHTNESS控制 → MID",
          "level": 1,
          "optional": false
        },
        {
          "text": "左无线电调谐面板 → 设定",
          "level": 0,
          "optional": false
        },
        {
          "text": "OFF 灯灭 → 证实",
          "level": 1,
          "optional": false
        },
        {
          "text": "气象雷达面板 → 检查",
          "level": 0,
          "optional": false
        },
        {
          "text": "WEATHER RADAR面板 → 设定",
          "level": 1,
          "optional": false
        },
        {
          "text": "OFF 灯灭 → 证实",
          "level": 1,
          "optional": false
        },
        {
          "text": "观察员无线电调谐面板 → 设定",
          "level": 0,
          "optional": false
        },
        {
          "text": "驾驶舱门面板 → 按需",
          "level": 0,
          "optional": false
        },
        {
          "text": "发动机火警面板 → 设定",
          "level": 0,
          "optional": false
        },
        {
          "text": "ENG BTL 1/2 DISCH 灯灭 → 证实",
          "level": 1,
          "optional": false
        },
        {
          "text": "发动机火警电门 → IN",
          "level": 1,
          "optional": false
        },
        {
          "text": "左和右火警灯灭 → 证实",
          "level": 1,
          "optional": false
        },
        {
          "text": "中央CDU → 设定",
          "level": 0,
          "optional": false
        },
        {
          "text": "驾驶舱打印机 → 设定",
          "level": 0,
          "optional": false
        },
        {
          "text": "POWER → 检查",
          "level": 1,
          "optional": false
        },
        {
          "text": "PAPER 灯灭 → 证实",
          "level": 1,
          "optional": false
        },
        {
          "text": "右无线电调谐面板 → 设定",
          "level": 0,
          "optional": false
        },
        {
          "text": "OFF 灯灭 → 证实",
          "level": 1,
          "optional": false
        },
        {
          "text": "副驾驶音频控制面板 → 设定",
          "level": 0,
          "optional": false
        },
        {
          "text": "副驾驶音频音量 → 按需",
          "level": 1,
          "optional": false
        },
        {
          "text": "应答机面板 → 设定",
          "level": 0,
          "optional": false
        },
        {
          "text": "模式 → STBY",
          "level": 1,
          "optional": false
        },
        {
          "text": "应答机代码 → 按需",
          "level": 1,
          "optional": false
        },
        {
          "text": "垂直过滤器 → NORMAL",
          "level": 1,
          "optional": false
        },
        {
          "text": "高度来源 → NORM",
          "level": 1,
          "optional": false
        },
        {
          "text": "主应答机选择 → 按需",
          "level": 1,
          "optional": false
        },
        {
          "text": "基准位置 → 按需",
          "level": 1,
          "optional": false
        },
        {
          "text": "PEDESTAL 面板 → 设定",
          "level": 0,
          "optional": false
        },
        {
          "text": "撤离COMMAND电门 → 护盖盖好",
          "level": 1,
          "optional": false
        },
        {
          "text": "FLOOR LIGHTS电门 → 按需",
          "level": 1,
          "optional": false
        },
        {
          "text": "OBSERVER AUDIO选择器 → NORM",
          "level": 1,
          "optional": false
        },
        {
          "text": "AISLE STAND PANEL灯控制 → MID",
          "level": 1,
          "optional": false
        },
        {
          "text": "AISLE STAND FLOOD灯控制 → MID",
          "level": 1,
          "optional": false
        },
        {
          "text": "座椅 → 调节",
          "level": 0,
          "optional": false
        },
        {
          "text": "座椅和中央操纵台之间无杂物 → 证实",
          "level": 1,
          "optional": false
        },
        {
          "text": "调节到最佳视线基准位置 → 调节",
          "level": 1,
          "optional": false
        },
        {
          "text": "调节后核实座椅锁定在水平卡位 → 证实",
          "level": 1,
          "optional": false
        },
        {
          "text": "方向舵脚蹬 → 调节",
          "level": 0,
          "optional": false
        },
        {
          "text": "调节手柄不超过每秒一转 → 证实",
          "level": 1,
          "optional": false
        },
        {
          "text": "调节中不在脚蹬上施力 → 证实",
          "level": 1,
          "optional": false
        },
        {
          "text": "调节至脚蹬与刹车脚蹬全行程移动 → 证实",
          "level": 1,
          "optional": false
        },
        {
          "text": "方向舵脚蹬调节曲柄 → 收好",
          "level": 1,
          "optional": false
        },
        {
          "text": "安全带和肩带 → 调节",
          "level": 0,
          "optional": false
        },
        {
          "text": "机长指令 → 证实",
          "level": 0,
          "optional": false
        }
      ]
    },
    {
      "name": "飞行前机长程序",
      "items": [
        {
          "text": "EFIS控制面板 → 设定",
          "level": 0,
          "optional": false
        },
        {
          "text": "FORWARD PANEL BRIGHTNESS控制 → MID",
          "level": 1,
          "optional": false
        },
        {
          "text": "MINIMUMS基准选择器 → RADIO或BARO",
          "level": 1,
          "optional": false
        },
        {
          "text": "MINIMUMS选择器 → 设定决断高或高度基准",
          "level": 1,
          "optional": false
        },
        {
          "text": "FLIGHT PATH VECTOR电门 → 按需",
          "level": 1,
          "optional": false
        },
        {
          "text": "METERS电门 → 按需",
          "level": 1,
          "optional": false
        },
        {
          "text": "BAROMETRIC基准选择器 → IN或HPA",
          "level": 1,
          "optional": false
        },
        {
          "text": "BAROMETRIC选择器 → 设定当地高度表拨正值",
          "level": 1,
          "optional": false
        },
        {
          "text": "VOR/ADF电门 → 按需",
          "level": 1,
          "optional": false
        },
        {
          "text": "ND方式选择器 → MAP",
          "level": 1,
          "optional": false
        },
        {
          "text": "ND CENTER电门 → 按需",
          "level": 1,
          "optional": false
        },
        {
          "text": "ND范围选择器 → 按需",
          "level": 1,
          "optional": false
        },
        {
          "text": "ND TRAFFIC电门 → 按需",
          "level": 1,
          "optional": false
        },
        {
          "text": "WEATHER RADAR → OFF",
          "level": 1,
          "optional": false
        },
        {
          "text": "ND 上不显示气象雷达指示 → 证实",
          "level": 1,
          "optional": false
        },
        {
          "text": "MAP电门 → 按需",
          "level": 1,
          "optional": false
        },
        {
          "text": "方式控制面板 → 设定",
          "level": 0,
          "optional": false
        },
        {
          "text": "FLIGHT DIRECTOR电门 → ON",
          "level": 1,
          "optional": false
        },
        {
          "text": "AUTOTHROTTLE ARM电门 → ARM",
          "level": 1,
          "optional": false
        },
        {
          "text": "自动驾驶DISENGAGE杆 → UP",
          "level": 1,
          "optional": false
        },
        {
          "text": "HEADING/TRACK基准电门 → 按需",
          "level": 1,
          "optional": false
        },
        {
          "text": "BANK LIMIT选择器 → AUTO",
          "level": 1,
          "optional": false
        },
        {
          "text": "VERTICAL SPEED/FLIGHTPATH\nANGLE基准电门 → 按需",
          "level": 1,
          "optional": false
        },
        {
          "text": "ALTITUDE增量选择器 → 按需",
          "level": 1,
          "optional": false
        },
        {
          "text": "仪表源选择面板 → 设定",
          "level": 0,
          "optional": false
        },
        {
          "text": "NAVIGATION源电门 → OFF",
          "level": 1,
          "optional": false
        },
        {
          "text": "DISPLAY CONTROL源电门 → OFF",
          "level": 1,
          "optional": false
        },
        {
          "text": "AIR DATA/ATTITUDE源电门 → OFF",
          "level": 1,
          "optional": false
        },
        {
          "text": "显示控制面板 → 设定",
          "level": 0,
          "optional": false
        },
        {
          "text": "INBOARD DISPLAY选择器 → MFD",
          "level": 1,
          "optional": false
        },
        {
          "text": "HEADING REFERENCE电门 → NORM",
          "level": 1,
          "optional": false
        },
        {
          "text": "CDU数据 → 证实",
          "level": 1,
          "optional": false
        },
        {
          "text": "IRS导航数据 → 证实",
          "level": 1,
          "optional": false
        },
        {
          "text": "飞行仪表 → 检查",
          "level": 0,
          "optional": false
        },
        {
          "text": "显示故障旗TCAS OFF → 证实",
          "level": 1,
          "optional": false
        },
        {
          "text": "显示故障旗NO VSPD 直到FMC起飞速度填入→ 证实",
          "level": 1,
          "optional": false
        },
        {
          "text": "自动油门方式 → 证实空白",
          "level": 1,
          "optional": false
        },
        {
          "text": "横滚方式 → 证实TO/GA",
          "level": 1,
          "optional": false
        },
        {
          "text": "俯仰方式 → 证实TO/GA",
          "level": 1,
          "optional": false
        },
        {
          "text": "AFDS 状态 → 证实FLT DIR",
          "level": 1,
          "optional": false
        },
        {
          "text": "地图方式 → 选择",
          "level": 1,
          "optional": false
        },
        {
          "text": "综合备用飞行仪表 → 设定",
          "level": 0,
          "optional": false
        },
        {
          "text": "进近方式显示 → 证实空白",
          "level": 1,
          "optional": false
        },
        {
          "text": "当地高度表拨正值 → 设定",
          "level": 1,
          "optional": false
        },
        {
          "text": "飞行仪表指示正确 → 证实",
          "level": 1,
          "optional": false
        },
        {
          "text": "无非预期故障旗或信息显示 → 证实",
          "level": 1,
          "optional": false
        },
        {
          "text": "控制手柄 → 设定",
          "level": 0,
          "optional": false
        },
        {
          "text": "ALTERNATE PITCH TRIM手柄 → 中立位",
          "level": 1,
          "optional": false
        },
        {
          "text": "SPEEDBRAKE手柄 → DOWN",
          "level": 1,
          "optional": false
        },
        {
          "text": "反推手柄 → 压下",
          "level": 1,
          "optional": false
        },
        {
          "text": "前推力手柄 → 收光",
          "level": 1,
          "optional": false
        },
        {
          "text": "襟翼手柄 → 设定",
          "level": 1,
          "optional": false
        },
        {
          "text": "襟翼指示器位置 → 检查",
          "level": 1,
          "optional": false
        },
        {
          "text": "停留刹车手柄 → 设定",
          "level": 1,
          "optional": false
        },
        {
          "text": "PARKING BRAKE SET 信息显示 → 证实",
          "level": 1,
          "optional": false
        },
        {
          "text": "储压器压力 → 检查",
          "level": 1,
          "optional": false
        },
        {
          "text": "发动机控制面板 → 检查",
          "level": 0,
          "optional": false
        },
        {
          "text": "STABILIZER切断电门 → 护盖盖好",
          "level": 1,
          "optional": false
        },
        {
          "text": "FUEL CONTROL电门 → CUTOFF",
          "level": 1,
          "optional": false
        },
        {
          "text": "FUEL CONTROL电门火警灯 → 证实灭",
          "level": 1,
          "optional": false
        },
        {
          "text": "ALTERNATE FLAPS面板 → 检查",
          "level": 0,
          "optional": false
        },
        {
          "text": "ALTERNATE FLAPS ARM电门 → OFF",
          "level": 1,
          "optional": false
        },
        {
          "text": "ALTERNATE FLAPS选择器 → OFF",
          "level": 1,
          "optional": false
        },
        {
          "text": "机长音频控制面板 → 设定",
          "level": 0,
          "optional": false
        },
        {
          "text": "机长音频音量 → 按需",
          "level": 1,
          "optional": false
        },
        {
          "text": "座椅 → 调节",
          "level": 0,
          "optional": false
        },
        {
          "text": "座椅和中央操纵台之间无杂物 → 证实",
          "level": 1,
          "optional": false
        },
        {
          "text": "调节到最佳视线基准位置 → 调节",
          "level": 1,
          "optional": false
        },
        {
          "text": "调节后核实座椅锁定在水平卡位 → 证实",
          "level": 1,
          "optional": false
        },
        {
          "text": "方向舵脚蹬 → 调节",
          "level": 0,
          "optional": false
        },
        {
          "text": "调节手柄不超过每秒一转 → 证实",
          "level": 1,
          "optional": false
        },
        {
          "text": "调节中不在脚蹬上施力 → 证实",
          "level": 1,
          "optional": false
        },
        {
          "text": "调节至脚蹬与刹车脚蹬全行程移动 → 证实",
          "level": 1,
          "optional": false
        },
        {
          "text": "方向舵脚蹬调节曲柄 → 收好",
          "level": 1,
          "optional": false
        },
        {
          "text": "安全带和肩带 → 调节",
          "level": 0,
          "optional": false
        },
        {
          "text": "飞行前检查单 → 执行",
          "level": 0,
          "optional": false
        }
      ]
    },
    {
      "name": "起动前程序",
      "items": [
        {
          "text": "驾驶舱门 → 关闭并锁上",
          "level": 0,
          "optional": false
        },
        {
          "text": "LOCK FAIL 灯 → 证实灭",
          "level": 0,
          "optional": false
        },
        {
          "text": "CDU飞行性能数据 → 设置",
          "level": 0,
          "optional": false
        },
        {
          "text": "CDU显示 → 设定",
          "level": 0,
          "optional": false
        },
        {
          "text": "PF选择TAKEOFF REF页面 → 证实",
          "level": 1,
          "optional": false
        },
        {
          "text": "PM选择LEGS页面 → 证实",
          "level": 1,
          "optional": false
        },
        {
          "text": "MCP → 设定",
          "level": 0,
          "optional": false
        },
        {
          "text": "IAS/MACH选择器 → V2",
          "level": 1,
          "optional": false
        },
        {
          "text": "预位LNAV → 按需",
          "level": 1,
          "optional": false
        },
        {
          "text": "预位VNAV → 按需",
          "level": 1,
          "optional": false
        },
        {
          "text": "起始航向或航迹 → 设定",
          "level": 1,
          "optional": false
        },
        {
          "text": "起始高度 → 设定",
          "level": 1,
          "optional": false
        },
        {
          "text": "滑行和起飞简令 → 执行起飞的飞行员完成",
          "level": 0,
          "optional": false
        },
        {
          "text": "外部舱门 → 证实关好",
          "level": 0,
          "optional": false
        },
        {
          "text": "驾驶舱侧窗 → 关上并锁好",
          "level": 0,
          "optional": false
        },
        {
          "text": "没有显示WINDOW NOT CLOSED 信息 → 证实",
          "level": 1,
          "optional": false
        },
        {
          "text": "没有显示橙色指示 → 证实",
          "level": 1,
          "optional": false
        },
        {
          "text": "起动许可 → 获取",
          "level": 0,
          "optional": false
        },
        {
          "text": "液压系统增压许可 → 获取",
          "level": 1,
          "optional": false
        },
        {
          "text": "起动发动机许可 → 获取",
          "level": 1,
          "optional": false
        },
        {
          "text": "推出准备 → 按需",
          "level": 0,
          "optional": true
        },
        {
          "text": "拖把连接 → 证实",
          "level": 1,
          "optional": true
        },
        {
          "text": "前轮转弯锁销 → 证实才可增压",
          "level": 1,
          "optional": true
        },
        {
          "text": "HYDRAULIC面板 → 设定",
          "level": 0,
          "optional": false
        },
        {
          "text": "右ELECTRIC DEMAND泵选择器 → AUTO",
          "level": 1,
          "optional": false
        },
        {
          "text": "右ELECTRIC DEMAND泵 FAULT 灯灭 → 证实",
          "level": 1,
          "optional": false
        },
        {
          "text": "C1/C2 ELECTRIC PRIMARY泵电门 → ON",
          "level": 1,
          "optional": false
        },
        {
          "text": "C1 FAULT 灯灭 → 证实",
          "level": 1,
          "optional": false
        },
        {
          "text": "C2 FAULT 灯可能保持亮直到发动机起动后 → 证实",
          "level": 1,
          "optional": false
        },
        {
          "text": "左ELECTRIC DEMAND泵选择器 → AUTO",
          "level": 1,
          "optional": false
        },
        {
          "text": "左ELECTRIC DEMAND泵 FAULT 灯灭 → 证实",
          "level": 1,
          "optional": false
        },
        {
          "text": "C1和C2 AIR DEMAND泵选择器 → AUTO",
          "level": 1,
          "optional": false
        },
        {
          "text": "C1和C2 AIR DEMAND泵 FAULT 灯灭 → 证实",
          "level": 1,
          "optional": false
        },
        {
          "text": "燃油面板 → 设定",
          "level": 0,
          "optional": false
        },
        {
          "text": "LEFT/RIGHT FUEL PUMP电门 → ON",
          "level": 1,
          "optional": false
        },
        {
          "text": "LEFT/RIGHT FUEL PUMP PRESS 灯灭 → 证实",
          "level": 1,
          "optional": false
        },
        {
          "text": "FUEL IN CENTER 信息显示 → 检查",
          "level": 1,
          "optional": true
        },
        {
          "text": "CENTER FUEL PUMP电门 → 按需",
          "level": 2,
          "optional": true
        },
        {
          "text": "PRESS 灯可能保持亮直到发动机起动后 → 证实",
          "level": 2,
          "optional": true
        },
        {
          "text": "BEACON灯电门 → ON",
          "level": 0,
          "optional": false
        },
        {
          "text": "CANCEL/RECALL电门 → 按压",
          "level": 0,
          "optional": false
        },
        {
          "text": "仅预期的警戒和记忆信息显示 → 证实",
          "level": 1,
          "optional": false
        },
        {
          "text": "CANCEL/RECALL电门 → 按压",
          "level": 0,
          "optional": false
        },
        {
          "text": "信息取消 → 证实",
          "level": 1,
          "optional": false
        },
        {
          "text": "配平 → 设定",
          "level": 0,
          "optional": false
        },
        {
          "text": "安定面起飞配平 → 设置",
          "level": 1,
          "optional": false
        },
        {
          "text": "配平在绿区范围 → 证实",
          "level": 1,
          "optional": false
        },
        {
          "text": "副翼配平 → 0单位",
          "level": 1,
          "optional": false
        },
        {
          "text": "方向舵配平 → 0单位",
          "level": 1,
          "optional": false
        },
        {
          "text": "起动前检查单 → 执行",
          "level": 0,
          "optional": false
        }
      ]
    },
    {
      "name": "推出/牵引程序",
      "items": [
        {
          "text": "地面操作人员 → 建立通讯",
          "level": 0,
          "optional": false
        },
        {
          "text": "不要握住或转动前轮转弯手柄 → 证实",
          "level": 0,
          "optional": false
        },
        {
          "text": "不要踩刹车停住飞机 → 证实",
          "level": 0,
          "optional": false
        },
        {
          "text": "应答机 → 按需",
          "level": 0,
          "optional": false
        },
        {
          "text": "按地面指令设置停留刹车 → 证实",
          "level": 0,
          "optional": false
        }
      ]
    },
    {
      "name": "推出/牵引后程序",
      "items": [
        {
          "text": "拖把 → 证实脱开",
          "level": 0,
          "optional": false
        },
        {
          "text": "前轮转弯 → 证实未锁定",
          "level": 0,
          "optional": false
        },
        {
          "text": "刹车 → 按需",
          "level": 0,
          "optional": false
        }
      ]
    },
    {
      "name": "发动机起动程序",
      "items": [
        {
          "text": "次要发动机显示 → 选择",
          "level": 0,
          "optional": false
        },
        {
          "text": "起动发动机喊话 → 证实",
          "level": 0,
          "optional": false
        },
        {
          "text": "发动机START选择器 → START",
          "level": 0,
          "optional": false
        },
        {
          "text": "FUEL CONTROL电门 → RUN",
          "level": 0,
          "optional": false
        },
        {
          "text": "滑油压力上升 → 证实",
          "level": 0,
          "optional": false
        },
        {
          "text": "起动另一台发动机 → 执行",
          "level": 0,
          "optional": false
        }
      ]
    }
  ]
}