{
  "templates": [
    {
      "name": "放行许可",
      "stage": "起动前程序",
      "cn": "P：“[出发地]放行席，这里是[呼号]，收到信息[ATIS编号]，请求前往[目的地]的IFR放行许可。”\nG：“[呼号]，获准按[航路]前往[目的地]，爬升保持[高度]，应答机[应答机编码]。”\nP：“获准按[航路]前往[目的地]，爬升保持[高度]，应答机[应答机编码]，[呼号]。”\nG：“[呼号]，复诵正确，联系[地面频率]。”",
      "en": "P：\"[出发地] Clearance Delivery, [呼号], with information [ATIS编号], request IFR clearance to [目的地].\"\nG：\"[呼号], cleared to [目的地] via [航路], climb and maintain [高度], squawk [应答机编码].\"\nP：\"Cleared to [目的地] via [航路], climb and maintain [高度], squawk [应答机编码], [呼号].\"\nG：\"[呼号], readback correct, contact Ground on [频率].\""
    },
    {
      "name": "滑行和起飞简令",
      "stage": "起动前程序",
      "cn": "PF：“我们开始飞行简令。”\nPM：“好的，请开始。”\nPF：“本次航班从 [出发地] 前往 [目的地]，航班号 [呼号]。航路为 [航路]，起飞跑道为 [跑道号]，离场程序为 [SID名称]，初始爬升高度为 [高度]。目前收到的 ATIS 信息是 [ATIS编号]，风 [风向] 度，[风速] 节，QNH [气压]。”\nPM：“预计滑行路线？”\nPF：“预计滑行经 [滑行路线]。起飞方式为 [起飞方式]。”\nPM：“速度参考？”\nPF：“V1 [V1速度]，VR [VR速度]，V2 [V2速度]。如在 V1 之前发生重大故障，将中断起飞。如在 V1 之后，则继续起飞，执行标准程序。”\nPM：“如需复飞？”\nPF：“执行标准复飞程序，保持 [复飞高度]，转向 [航向]，进入等待或按 ATC 指令操作。你负责无线电和监控，我操纵。”\nPM：“备降机场？”\nPF：“首选备降是 [主备降机场]，次选 [次备降机场]。预计飞行时间 [飞行时间]，燃油量 [燃油状态]。”\nPM：“无其他问题，我准备就绪。”\nPF：“我也准备好了。飞行简令完成。”",
      "en": "PF: \"Let’s start the departure briefing.\"\nPM: \"Go ahead.\"\nPF: \"This flight is from [出发机场] to [目的机场], flight number [航班号]. Route is [航路], departure runway is [起飞跑道], SID is [离场程序名称], initial climb to [初始爬升高度]. Current ATIS is [ATIS信息代号], winds [风向] at [风速], QNH [气压设置值].\"\nPM: \"Expected taxi route?\"\nPF: \"Expected via [预计滑行路线]. Takeoff will be [起飞方式，如滚行/静止].\"\nPM: \"Speed references?\"\nPF: \"V1 [起飞决断速度], VR [抬轮速度], V2 [安全起飞速度]. Below V1, we’ll reject for major issues. After V1, we’ll continue the takeoff unless there's loss of control or fire.\"\nPM: \"In case of go-around?\"\nPF: \"We’ll fly the published missed approach, maintain [复飞保持高度], heading [复飞航向], expect holding or ATC vectors. I fly, you handle comms.\"\nPM: \"Alternate airports?\"\nPF: \"Primary alternate is [主备降机场], secondary is [次备降机场]. Estimated flight time is [预计飞行时间], fuel status [当前燃油状态].\"\nPM: \"All set on my side.\"\nPF: \"Same here. Briefing complete.\""
    },
    {
      "name": "推出和启动许可",
      "stage": "起动前程序",
      "cn": "P：“[出发地]地面，这里是[呼号]，位于[停机位]，收到信息[ATIS编号]，申请推出并启动引擎。”\nG：“[呼号]，可以推出并启动引擎，风向[风向]，风速[风速]。”\nP：“明白，可以推出并启动引擎，[呼号]。”",
      "en": "P: \"[出发地]Ground, [呼号], stand [停机位],  with information [ATIS编号], request pushback and engine start.\"\nG: \"[呼号], pushback and engine start approved, wind [风向] at [风速].\"\nP: \"Pushback and engine start approved, [呼号].\""
    },
    {
      "name": "滑行许可",
      "stage": "滑行前程序",
      "cn": "P：“[出发地]地面，这里是[呼号]，推出并启动完成，请求滑行前往[跑道号]。”\nG：“[呼号]，滑行至[跑道号]，经[滑行路线]。”\nP：“滑行至[跑道号]，经[滑行路线]，[呼号]。”\nG：“[呼号]，复诵正确，联系塔台[塔台频率]。”",
      "en": "P: \"[出发地]Ground, [呼号], pushback and engine start complete, request taxi to [跑道号].\"\nG: \"[呼号], taxi to [跑道号] via [滑行路线].\"\nP: \"Taxi to [跑道号] via [滑行路线], [呼号].\"\nG: \"[呼号],  readback correct，contact Tower on [塔台频率].\""
    },
    {
      "name": "滑行简报",
      "stage": "滑行前程序",
      "cn": "PF：“简报确认：起飞跑道[跑道号]，SID [SID名称]，初始高度[高度]，滑行路线[滑行路线]，[谁]操纵，[谁]通话。”\nPM：“确认无误：跑道[跑道号]，SID [SID名称]，高度[高度]，滑行经[滑行路线]，[谁]飞，[谁]通话。”",
      "en": "PF:\"Departure briefing confirmation: runway [跑道号], SID [SID名称], initial climb [高度], taxi route [滑行路线]. [谁]fly, [谁]handle radios.\"\nPM:\"Confirmed: runway [跑道号], SID [SID名称], initial climb [高度], taxi via [滑行路线]. [谁] fly, [谁]handle radios.\""
    },
    {
      "name": "起飞许可",
      "stage": "起飞程序",
      "cn": "P：“[出发地]塔台，这里是[呼号]，滑行至[跑道号]等待点，收到信息[ATIS编号]，请求起飞许可。”\nT1：“[呼号]，等待[前方航班/交通]起飞后，进入跑道并起飞，跑道[跑道号]，风[风向]度，[风速]节。”\nT2：“[呼号]，继续等待。”\nT3：“[呼号]，跑道[跑道号]，可以起飞，风[风向]度，[风速]节。\nP1：“等待[前方航班]后，进入跑道并起飞，跑道[跑道号]，[呼号]。”\nP2：“继续等待，[呼号]。”\nP3： “可以起飞，跑道 [跑道号], [呼号].”",
      "en": "P: \"[出发地]Tower, [呼号], holding short of runway [跑道号], with information [ATIS编号], ready for departure.\"\nT1: \"[呼号], behind departing [前方航班/交通], line up and wait, runway [跑道号], wind [风向] at [风速].\"\nT2: \"[呼号], hold short.\"\nT3: \"[呼号], runway [跑道号], cleared for takeoff, wind [风向] at [风速].\"\nP1: \"Behind [前方航班], line up and wait, runway [跑道号], [呼号].\"\nP2: \"Holding short, [呼号].\"\nP3: \"Cleared for takeoff, runway [跑道号], [呼号].\""
    },
    {
      "name": "塔台移交",
      "stage": "爬升程序",
      "cn": "T：“[呼号]，雷达服务启动，联系[离场频率]，再见。”\nP：“联系[离场频率]，[呼号]。”\nD：“[呼号]，雷达识别，继续爬升至[高度]，航向[航向]。”\nP：“继续爬升至[高度]，航向[航向]，[呼号]。”\nD：“[呼号]，脱离终端空域，联系[区域中心频率]\nP：“联系[区域中心频率]，[呼号]。”",
      "en": "T: \"[呼号], radar service initiated, contact [离场频率], good day.\"\nP: \"Contact [离场频率], [呼号].\"\nD: \"[呼号], radar contact, climb and maintain [高度], heading [航向].\"\nP: \"Climb and maintain [高度], heading [航向], [呼号].\"\nD: \"[呼号], leaving terminal area, contact [区域中心频率].\"\nP: \"Contact [区域中心频率], [呼号].\""
    },
    {
      "name": "扇区移交",
      "stage": "巡航程序",
      "cn": "C：“[呼号]，即将飞出本区空域，联系[下一区域中心频率]。”\nP：“联系[下一区域中心频率]，[呼号]。”\nP：“[下一区域中心呼号]，这里是[呼号]，飞行高度[高度]。”\nC：“[呼号]，雷达识别，继续飞行，保持[高度]。”",
      "en": "C: \"[呼号], leaving my airspace, contact [下一区域中心频率].\"\nP: \"Contact [下一区域中心频率], [呼号].\"\nP: \"[下一区域中心呼号] Center, [呼号], level [高度].\"\nC: \"[呼号], radar contact, continue as filed, maintain [高度].\""
    },
    {
      "name": "下降简报",
      "stage": "下降准备程序",
      "cn": "PF：“我们开始下降简令。”\nPM：“请讲。”\nPF：“预计下降至[目标高度]，使用[STAR名称]进场，跑道[跑道号]，进近方式为[进近类型]。当前ATIS是[ATIS编号]，风[风向]度，[风速]节，QNH[气压]。”\nPM：“是否有高度限制或注意事项？”\nPF：“[STAR名称]有[具体Fix点]的限制高度[具体高度]，并预期ATC会提供雷达引导。注意[地形/天气/交通等风险]。”\nPM：“最低高度？”\nPF：“MDA/DA为[最低高度]，复飞保持[复飞高度]，转向[复飞航向]。如未建立或跑道不可见，将执行复飞程序。”\nPM：“如复飞，你飞，我通话？”\nPF：“对，我飞，你负责通话。”\nPM：“地面预期滑行路线？”\nPF：“预计脱离滑行道为[滑行道口]，滑行至[停机位]。”\nPM：“无其他问题。”\nPF：“我也准备好了。下降简令完成。”",
      "en": "PF: \"Let’s start the descent briefing.\"\nPM: \"Go ahead.\"\nPF: \"Expect descent to [目标高度], via the [STAR名字], landing runway [跑道号], approach type is [进近类型]. Current ATIS is [ATIS编号], winds [风方向] at [风速], QNH [气压].\"\nPM: \"Any altitude restrictions or notes?\"\nPF: \"[STAR名字] has a restriction at [航路点名] to cross at [高度限制], and we expect radar vectors from ATC. Watch out for [地形/天气/交通].\"\nPM: \"Minimums?\"\nPF: \"Minimums are [最低标准高度], missed approach is to climb to [复飞高度], turn [复飞航向]. If not established or no visual, we go around.\"\nPM: \"You fly, I handle radios?\"\nPF: \"Correct.\"\nPM: \"Expected taxi after landing?\"\nPF: \"Expect exit via [脱离滑行道] and taxi to stand [停机位编号].\"\nPM: \"All good on my side.\"\nPF: \"Same here. Descent briefing complete.\""
    },
    {
      "name": "下降许可",
      "stage": "下降程序",
      "cn": "P：“[中心呼号]，这里是[呼号]，即将到达计划下降点，请求下降至[高度]。”\nC：“[呼号]，可以下降至[高度]。”\nP：“下降至[高度]，[呼号]。”",
      "en": "P: \"[中心呼号] Center, [呼号], approaching top of descent, request descent to [高度].\"\nC: \"[呼号], descend to [高度].\"\nP: \"Descending to [高度], [呼号].\""
    },
    {
      "name": "下降通知",
      "stage": "下降程序",
      "cn": "C：“[呼号]，开始下降至[高度]。”\nP：“下降至[高度]，[呼号]。”",
      "en": "C: \"[呼号], descend to [高度].\"\nP: \"Descending to [高度], [呼号].\""
    },
    {
      "name": "进近移交",
      "stage": "进近程序",
      "cn": "C：“[呼号]，进入终端空域，联系[进近频率]。”\nP：“联系[进近频率]，[呼号]。”\nP：“[进近台呼号]，这里是[呼号]，飞行高度[当前高度]，执行[STAR名称]。”\nA：“[呼号]，雷达识别，继续执行[STAR名称]，预计从[Fix点]开始进近。”",
      "en": "C: \"[呼号], entering terminal area, contact [进近频率].\"\nP: \"Contact [进近频率], [呼号].\"\nP: \"[进近台呼号] Approach, [呼号], level [当前高度], via [STAR名称].\"\nA: \"[呼号], radar contact, continue via [STAR名称], expect approach from [Fix点].\""
    },
    {
      "name": "进近引导",
      "stage": "进近程序",
      "cn": "P：“[进近台呼号]，这里是[呼号]，飞行高度[当前高度]，执行[STAR名称]。”\nA1：“[呼号]，雷达识别，继续执行[STAR名称]。”\nA2：“[呼号]，雷达引导至[航向]，等待进一步进近指令。”\nP1：“继续执行[STAR名称]，[呼号]。\nP2：“航向[航向]，等待进一步指令，[呼号]。”",
      "en": "P: \"[进近台呼号] Approach, [呼号], level [当前高度], via [STAR名称].\"\nA1: \"[呼号], radar contact, continue via [STAR名称].\"\nA2: \"[呼号], fly heading [航向], vectors for sequencing.\"\nP2: \"Continue via [STAR名称], [呼号].\"\nP2: \"Heading [航向], expecting further clearance, [呼号].\""
    },
    {
      "name": "进近许可",
      "stage": "进近程序",
      "cn": "A：“[呼号]，获准执行[进近类型]进近，跑道[跑道号]。”\nP：“获准执行[进近类型]进近，跑道[跑道号]，[呼号]。”",
      "en": "A: \"[呼号], cleared for the [进近类型] approach, runway [跑道号].\"\nP: \"Cleared for the [进近类型] approach, runway [跑道号], [呼号]."
    },
    {
      "name": "落地许可",
      "stage": "ILS着陆程序",
      "cn": "A：“[呼号]，联系塔台[塔台频率]，祝你好运。”\nP：“联系塔台[塔台频率]，[呼号]。”\nP：“[目的地]塔台，这里是[呼号]，收到信息[ATIS编号]，执行[进近类型]进近，跑道[跑道号]，请求落地许可。”\nT：“[呼号]，跑道[跑道号]，可以落地，风[风向]度，[风速]节。”\nP：“跑道[跑道号]，可以落地，[呼号]。”",
      "en": "P: \"[进近台呼号] Approach, [呼号], level [当前高度], via [STAR名称].\"\nA1: \"[呼号], radar contact, continue via [STAR名称].\"\nA2: \"[呼号], fly heading [航向], vectors for sequencing.\"\nP2: \"Continue via [STAR名称], [呼号].\"\nP2: \"Heading [航向], expecting further clearance, [呼号].\""
    },
    {
      "name": "落地许可",
      "stage": "VNAV着陆程序",
      "cn": "A：“[呼号]，联系塔台[塔台频率]，祝你好运。”\nP：“联系塔台[塔台频率]，[呼号]。”\nP：“[目的地]塔台，这里是[呼号]，收到信息[ATIS编号]，执行[进近类型]进近，跑道[跑道号]，请求落地许可。”\nT：“[呼号]，跑道[跑道号]，可以落地，风[风向]度，[风速]节。”\nP：“跑道[跑道号]，可以落地，[呼号]。”",
      "en": "P: \"[进近台呼号] Approach, [呼号], level [当前高度], via [STAR名称].\"\nA1: \"[呼号], radar contact, continue via [STAR名称].\"\nA2: \"[呼号], fly heading [航向], vectors for sequencing.\"\nP2: \"Continue via [STAR名称], [呼号].\"\nP2: \"Heading [航向], expecting further clearance, [呼号].\""
    }
  ]
}